<code_scheme name="mox" version="173">
  <option name="ALIGN_MULTILINE_PARAMETERS_IN_CALLS" value="true" />
  <HTMLCodeStyleSettings>
    <option name="HTML_SPACE_INSIDE_EMPTY_TAG" value="true" />
  </HTMLCodeStyleSettings>
  <JSCodeStyleSettings version="0">
    <option name="REFORMAT_C_STYLE_COMMENTS" value="true" />
    <option name="USE_DOUBLE_QUOTES" value="false" />
    <option name="USE_EXPLICIT_JS_EXTENSION" value="TRUE" />
    <option name="SPACES_WITHIN_OBJECT_LITERAL_BRACES" value="true" />
    <option name="INDENT_CHAINED_CALLS" value="false" />
    <option name="CHAINED_CALL_DOT_ON_NEW_LINE" value="false" />
    <option name="IMPORT_SORT_MODULE_NAME" value="true" />
  </JSCodeStyleSettings>
  <Python>
    <option name="NEW_LINE_AFTER_COLON" value="true" />
    <option name="BLANK_LINES_AFTER_LOCAL_IMPORTS" value="1" />
    <option name="USE_CONTINUATION_INDENT_FOR_ARGUMENTS" value="true" />
  </Python>
  <codeStyleSettings language="JavaScript">
    <option name="ALIGN_MULTILINE_CHAINED_METHODS" value="true" />
    <option name="ALIGN_MULTILINE_EXTENDS_LIST" value="true" />
    <option name="IF_BRACE_FORCE" value="1" />
    <option name="DOWHILE_BRACE_FORCE" value="1" />
    <option name="WHILE_BRACE_FORCE" value="1" />
    <option name="FOR_BRACE_FORCE" value="1" />
  </codeStyleSettings>
</code_scheme>