<application>
  <component name="com.intellij.ide.ui.customization.CustomActionsSchema">
    <group value="TouchBarDebug" is_group="true" action_type="-1" position="1">
      <path value="root" />
      <path value="Touch Bar" />
      <option name="myInitialPosition" value="-1" />
    </group>
    <group value="TouchBarDefault" is_group="true" action_type="-1" position="0">
      <path value="root" />
      <path value="Touch Bar" />
      <option name="myInitialPosition" value="-1" />
    </group>
  </component>
</application>